region,year,temperature_anomaly,pop,gdppc,log_yield_impact
R6,2000,-1.2712324543108355,5249681.933876436,6798.123512910333,0.2358240225505885
R3,2014,3.070371719901188,1514472.017260176,31018.439184261388,0.2505036332502125
R7,2007,2.048708419044864,7775926.888991042,4373.704264677444,-0.11995005289717386
R4,2010,-0.08087533408135883,2786952.866422472,11275.208959944022,-0.10238372981301631
R6,2011,-1.4440644170770938,5017284.685897671,2840.2920225625344,0.10848173696949595
R9,2011,-1.4003922528249864,2914313.5199824153,12480.165615209318,0.3701125680909524
R2,2003,4.259336122648828,1424900.793696962,5186.618927984297,0.5109240922998871
R6,2015,-0.6569287269687996,6332621.199228192,9907.46833604599,-0.02116648053298996
R7,2003,0.26360093480864544,637887.1447467479,4248.142888955751,-0.06719530823487202
R4,2004,-0.41340518441108376,7511587.81784938,9371.480809898958,0.16806185033215595
R3,2004,0.48497414082356105,3244109.273085055,5144.45570765804,-0.06454934125010237
R7,2007,-1.5140331007773464,101333.46074440467,5667.344294009061,0.2322993078110907
R7,2009,1.6334185363578926,5160178.478448575,10107.095725091982,-0.10806871857221712
R2,2016,-1.5267120548544957,563833.894423271,6534.213466917795,0.16671445902547516
R5,2008,3.6024955547565307,2834078.6224269047,9800.519996400268,0.4069815366706908
R4,2018,-0.36401542662696884,7099067.22581159,7365.626138385633,0.21041706307802366
R1,2013,1.7800834022315741,720627.2540564721,8381.203849558828,-0.11809293455687539
R7,2007,4.160553612930208,8409451.074324423,10122.776224224477,0.5899491899321216
R5,2008,2.5561415833303593,137817.23431997278,6802.127927350811,0.022339889739485322
R1,2010,1.730704505859347,2543556.305098832,4924.48562732286,0.030061253281046328
R4,2000,0.2703362718076292,7434950.1559055075,6209.550984221965,0.1176418382934203
R0,2013,0.3310133914073856,3231074.4823201373,14728.940663270383,-0.04213050544655082
R9,2004,2.686408686387331,1108734.641853534,8587.7027146897,0.05940452084939627
R5,2013,4.958975528548173,3666315.796124236,5311.081539731062,0.8137824581609829
R8,2003,2.6328743289456504,2776893.5352068027,9904.854843894895,-0.0276813549971395
R0,2000,1.9044839215901743,8442847.831389494,10241.03320541213,0.10561069600480008
R9,2018,3.1145535716747226,3202144.384092917,10509.12848416946,0.18784777961837457
R2,2007,1.2564392859860272,7910431.470582471,4969.534237022526,-0.1044869954455665
R6,2014,-1.5790036017945035,8929534.233626274,5760.643711169006,0.22214621857186567
R3,2014,1.9360777111453684,4394792.453807643,5776.6857167869475,-0.144534177117679
R8,2008,4.703376991537661,9108437.124158481,6766.072360228142,0.582132840410128
R2,2008,-0.7728794034963826,3835448.734235609,10609.017145352374,0.08075129276764435
R4,2009,2.8300342357446606,9644376.32325207,9396.49853291377,0.011321912028729064
R2,2019,-0.5934641793866047,983966.292803172,9775.245294239687,0.07240990693651082
R6,2008,1.750793791311569,6901490.738382103,15946.737968030233,0.02547627430614957
R4,2002,-1.3232648524729627,4988759.000523594,11435.129899924277,0.198530765136869
R8,2019,1.152596553807296,3937723.174010906,7548.462563263041,0.017436868063619812
R6,2010,3.2931433022667225,6363847.599611149,4483.043341038995,0.1322113119386028
R1,2005,0.4330006696728743,7068185.207179879,5668.764636170859,0.06641268845156448
R3,2001,2.6543820714105264,143196.36953805998,7109.217540373417,0.09903047248771502
R8,2006,3.5681497255281043,1752835.5785972674,12265.735394349898,0.4342953676119783
R1,2017,4.490244736356169,7159155.901279755,7993.100675034241,0.8005121472069705
R9,2001,-0.3575054270118252,6697215.594424244,5836.590124794982,-0.004883310012000243
R8,2016,0.7952114106651571,9663870.300773904,5617.0031713813105,-0.09080946937405805
R9,2010,-0.9330879066870779,7634274.123482752,7826.032030075972,0.1122172305541197
R4,2011,4.947384515108626,9512649.806540247,12644.704388702125,0.7886624505235199
R1,2018,4.4890067754700675,7055150.9651945885,17952.948690699664,0.691255411011311
R3,2006,1.7796999119639172,3050716.865530487,7310.8564038063305,-0.08488425078115332
R6,2019,3.8942330606349493,1143112.7302834792,7923.817764360809,0.40695367711142466
R7,2005,1.6467058409042954,7840056.247114862,4416.174695842064,-0.042681306752590145
R2,2000,2.3650998160193177,6477077.292611567,21366.857478456026,0.10498578563885758
R0,2016,-1.3761289751878838,577041.5226936326,4021.855253195098,0.3832452146771402
R3,2010,3.286892943477655,3664499.6124196853,14557.056762593642,0.18746114300309327
R1,2017,-1.1060056145533563,9572318.173294432,6750.231121440266,0.004776215759139918
R7,2016,3.7824734117676986,5053971.342530992,6004.8139593692895,0.41149808204773813
R3,2006,3.474196613692701,4384018.446595076,4651.7474052047355,0.17281192229987621
R1,2016,2.961212884200835,4631226.09107701,27038.696555958675,0.12800622516139012
R5,2019,-1.7468773363266652,2167938.967651121,9052.043493930467,0.4059698387284152
R5,2008,0.12189849161730049,3750200.9915614724,8189.762834997233,0.018292598304309404
R9,2016,-0.15821201062410006,3761151.2342730486,12624.140590377814,0.0069007505223915265
R3,2019,0.5209548523006338,618314.6998559767,5852.262614655735,-0.09611395856911673
R5,2007,-1.3865007726531302,7698919.5223273905,8110.56634517787,-0.0552200811338005
R1,2016,4.55870476121744,4223393.875848401,8334.577828115394,0.6530510604512039
R9,2006,1.8766156849866338,8239580.879482591,6272.480276690151,-0.03687241696434715
R1,2000,0.13867017460616493,8518445.211086964,14762.109966429383,0.1384280812412213
R9,2012,0.7788706195199842,2198741.141516715,7263.9046531505155,-0.007752286858239248
R3,2018,1.1304177835338498,6607799.473484273,3727.2798106910873,-0.10326209734039019
R7,2018,2.204160333524321,4775589.861213519,6969.169326463517,0.12918711427927426
R6,2016,1.6097559938754844,8813551.705422703,9178.227074809114,0.08370305919917298
R8,2012,4.435743812500921,2235832.7238468956,5183.5912319217705,0.5183135958216706
R7,2015,1.478744380340812,6810350.683069438,5392.16688941833,0.08082429564271819
R4,2007,4.945106103763189,6116746.010301953,6166.400016753688,0.6726623029588739
R1,2018,3.9599747042156705,3023484.6279611443,14922.386738515672,0.4040372894206226
R4,2017,-0.5404263994986493,1452348.9461466088,6351.339335844957,0.12578651338549668
R7,2000,4.514166502507414,6551233.628725038,16556.90491620203,0.6459464687686783
R9,2013,-1.1854352148016674,7412114.835510074,5958.206434290434,0.2509585387663495
R8,2018,3.722147959438341,3224710.703257165,9532.92684055625,0.287238757597399
R8,2014,0.6643630543360608,6483842.779820907,6482.61114650946,0.06500237203387504
R0,2017,4.1458202431154865,4011795.9853538824,11814.012254409297,0.43236651778911717
R8,2001,4.076396830752152,7160748.144497915,4632.550793592688,0.3663081367855749
R6,2016,3.641477800823348,2072231.2214511258,11747.899525308445,0.24343645188079455
R8,2017,3.5302130541494297,8913128.526098127,8577.816733656971,0.4640977441170428
R7,2005,0.1327539736862855,2945355.0050092395,5884.070666616797,-0.08659255930134807
R0,2018,-1.4335650186412348,3741081.2787859137,7456.856753160013,0.37527545767376036
R7,2003,0.8208612513561304,675110.3255954628,17447.078118004014,-0.1619421350177324
R7,2000,-0.7853283950944392,1203970.9019806364,8681.262552556054,0.15816041842394293
R2,2007,2.8646576223172318,5207032.8368520485,5702.363357677118,0.15355574757237112
R0,2006,0.42269808576449863,2749167.4996069176,4436.643311515392,0.1287865629816215
R7,2002,4.829271406019404,8371254.234847724,10432.718294519762,0.6177257855310399
R2,2009,2.4868045414173245,245464.54768404303,8936.708498795842,-0.03253703457707964
R2,2009,3.7573639454405265,3853031.0818521683,11470.23097854103,0.31850175854606916
R0,2018,-1.0723272908070611,3439720.9130140175,3900.6076596804965,0.3312072029352319
R4,2013,4.034101375908358,291343.5460842502,4509.176283401334,0.32187270997007283
R9,2001,4.45930033359376,1331247.1501050512,14377.785195465487,0.2894962766796752
R6,2000,1.4094334317325514,4195062.48169449,9563.134447545835,-0.03564142951165706
R9,2017,2.2437705642568417,4979359.386029721,10579.785441960277,0.12230055262169005
R8,2006,3.3536686063209684,4102468.497823204,5007.321818323484,0.12560720215505816
R6,2007,-0.7761296091771122,5356283.016279729,4961.713386206764,0.19252503676510846
R8,2000,1.5179625352440969,5991803.581566247,13301.463278476174,-0.14017683910542106
R7,2002,0.7906411944061915,198245.82916557274,13618.559729546265,-0.0624642980951846
R1,2007,-0.9753820548642562,4694542.078589688,4702.456244900191,0.2203749446625923
R0,2014,0.57274095604072,9638642.484787125,4274.039817600701,-0.15961902564159397
R6,2004,-1.522793834301545,5238419.573282532,7674.846057839695,0.28637576967025
R6,2002,-1.8193166513535912,6807668.447843636,5433.429369355268,0.4689246701592051
R7,2018,-1.0538359759162406,3187452.1933771437,5377.138102852603,0.2083055207195259
R4,2000,4.741805781124217,7762514.643712349,4334.28039585642,0.5779929194236539
R2,2014,1.8467067512651187,7751922.670573539,6411.080342338399,0.13771745140357597
R7,2007,4.76075512807254,5260830.871775975,4548.954151376649,0.7230032078584443
R5,2001,1.027485148310924,9762536.850464216,4685.835662179656,-0.23600702832354703
R2,2002,0.182712931596817,1342947.1261502684,9406.873489035168,0.0698222690823761
R0,2013,1.5429930398817087,267781.88240685186,7882.503873753855,-0.09239535317372877
R2,2013,1.0765818204303708,7724566.296395251,10326.1969736998,-0.030050406474732082
R4,2010,-1.2603472101677926,8090839.819912337,3552.7715007871416,0.3062588759549921
R2,2015,2.485784202831444,1290051.568293705,8143.21468038488,0.005417276402690109
R0,2003,-0.48773272243280275,2729270.0462902,22875.431905561487,-0.10389182873431548
R4,2019,2.3371156842848073,273768.3973296262,6726.860078722336,0.18994843684860424
R9,2004,2.551407646787074,3003755.2467275904,12238.897803599408,0.1868016314456651
R6,2013,-0.9358260280994632,7754104.5517948475,12185.517365708696,0.12864551923507261
R6,2015,-1.5705526102253229,5227809.224354532,12488.947148381725,0.36572918124602255
R8,2017,3.4653311024790785,3546146.372366052,8807.252806125594,0.21695419903616697
R9,2006,1.2186029663852413,3780219.0195726696,10754.106830793327,-0.037913619478293685
R9,2009,-1.5928534314616694,113400.89458313472,11493.153738725843,0.27171565158845373
R2,2006,4.96406422018837,3068025.2228958355,11133.601915553143,0.7027958485531515
R6,2000,-1.5955360730254335,6499941.542215512,4634.533905789628,0.3227706333273899
R0,2018,2.865246602009872,9744524.993781935,3450.6150128349664,0.0031393619509099135
R3,2015,4.885752476843895,8485902.187140606,3726.4384907900044,0.6797955324883654
R3,2018,-0.3257392704885207,333590.14999073837,7079.2270274144485,0.06932717791411225
R4,2003,-1.0042544191896268,8995749.986280909,10904.85483988299,0.33466185963822104
R6,2017,-1.1503054240429977,7853664.291656396,4664.772577289998,0.06443724930216721
R6,2001,0.12292603297316873,7825723.623352706,12861.391932421711,0.04051824295505188
R3,2000,-1.2926793229254732,4634158.014135358,6303.513231531465,0.27583380153128645
R6,2014,2.845129391858923,4040252.400249578,6333.589363017406,-0.0674467494331897
R2,2004,-1.563957413089561,3098865.7154486068,5334.479000401648,0.3197470822477709
R5,2019,1.565954897048528,750379.1036482212,3157.7240839398423,0.05404375517303857
R1,2010,4.976877976970838,2359530.098587621,9087.517651354947,0.7996431901240266
R9,2009,3.6977918865421318,2541375.9862824436,19078.81538661237,0.3055113276673601
R8,2001,2.306536067617076,4892362.990130995,7853.13220525932,0.0686758284514575
R4,2002,0.14377534550628157,7499699.62530727,3212.11275630307,0.0036405026730473855
R5,2011,2.367270854041469,4790717.301139671,11970.150909808042,-0.12547425441595506
R3,2019,1.6892902473815612,672660.04952689,3596.084900249966,-0.006911915267786728
R9,2004,0.9825836872326006,9582119.02978322,4427.023767623051,-0.08669187420064664
R6,2004,-1.0850273628186038,9432970.759031711,7192.764821343069,0.09688473808531681
R8,2005,4.206229506683267,7873376.477169243,8616.392040657203,0.7124923778349868
R6,2008,1.1484925417492575,9914146.225485783,4893.524108135293,0.07636407370971347
R0,2001,-0.6376424172546447,5490375.0947226025,7053.94258717047,-0.030923571691857
R0,2011,0.5743154561410275,9631406.66750674,11586.329611602134,-0.006276013799395026
R8,2002,0.8989082677024891,848489.9021058327,12407.90988781827,0.09631350447337808
R8,2019,3.79276526896812,3720239.407787576,15149.58186530999,0.19035697697012857
R3,2011,3.135300663929814,2331274.5532669816,21051.125932223527,0.18567376040967074
R8,2016,3.385134255489379,2038747.5329292733,12148.301695255674,0.24685054340739304
R2,2009,-1.9227811489994695,1493949.1940374933,7270.873704901692,0.2496831939974307
R6,2013,0.9130779872583306,6261895.051503367,12452.253575109733,-0.01166719772382388
R5,2016,1.3694090614472652,7835086.3718983205,10232.846976000921,0.06844779178578
R7,2017,-1.8656540622386033,5825154.15426157,10437.741313656452,0.5114034193631458
R8,2018,-0.18130753878476047,1554930.8249232757,8853.865236449816,-0.005162035103109152
R4,2016,3.322028761854945,8130125.322341362,5135.707788162477,0.46975538205759176
R0,2013,-1.0402320598970065,6395951.600920912,4846.207872235362,-0.0476693324280964
R2,2008,1.7471709201681414,3942840.4906572555,7719.00616372102,0.013534890178691562
R9,2007,-0.49358689587933746,6773889.925807023,8729.427235541678,-0.0796893412158618
R7,2001,-1.9151545774927472,2673059.294504045,5769.147136051765,0.3839245742835358
R5,2012,-0.31158979680320975,3517402.864092684,10013.314879721516,-0.016177285256588687
R7,2006,4.831116284370377,9183109.847006703,22934.16391954693,0.7345603448574503
R8,2008,3.610759783180927,2975994.606147062,3387.456556176832,0.2781152608635266
R3,2010,4.717036510247234,4752883.854763572,10841.343850757257,0.5582196031228953
R0,2013,1.414978307484537,8912397.260220544,7840.145638840215,-0.11741874497226144
R0,2003,-1.2318466092574756,7106441.367648522,10151.002800487671,0.39230291410765983
R9,2012,1.8357164228158505,715811.9390305573,6533.13794528818,0.029273470814447568
R3,2001,1.180641341919726,1558300.1383618063,7532.408002161856,-0.21858130593331088
R6,2004,3.910499579177312,177631.7486419765,8645.119538584113,0.428629163531242
R1,2010,-1.3134219345102878,6346125.7232687175,6968.693627150965,0.19812838611786643
R2,2005,1.4176879591524472,4531966.911563141,3788.514774965228,-0.040816729729239276
R0,2017,-0.9496593471421102,1429321.0239325278,7208.689733286405,0.22204739389310968
R4,2009,0.2727314882304199,9583547.798462028,3990.9444490716073,0.09476869178186159
R0,2003,3.1614995417145977,5343631.267061637,11232.836017915506,0.09772274064955185
R7,2008,1.3321269055813656,2494743.6117176027,3188.2499794483156,-0.04745875134498571
R0,2005,0.6312179960203852,5055975.354431605,13552.511907142987,-0.09781109195089593
R0,2001,0.761333949990247,6828241.294077567,10044.51004550481,0.01253429227878916
R1,2016,1.2161273788419065,854768.2579382883,10063.741649634638,-0.07089489717936331
R1,2004,3.495115806859398,2819567.7689741305,2745.84754562065,0.26420529245216884
R5,2005,4.244592822581641,8088958.3597515365,6875.366848920876,0.44934145311639856
R6,2011,4.687342805527498,4650682.216986346,14425.917790302074,0.6192128967168367
R4,2009,3.508323703787066,5511113.70611972,6252.245826867461,0.43504949074181676
R0,2005,0.20784827023608887,4384878.4218737455,4726.635535052492,0.22045183462517023
R0,2007,2.8169429426057953,534609.4321657507,5893.851409414927,0.15277329220849795
R2,2001,1.0632218683877435,1740922.8202195438,7831.122900125464,-0.059797127749568475
R1,2011,-0.21730564567764166,4510862.22354472,5293.922666112212,-0.13547202433903532
R4,2012,3.8861010559814586,2170936.1075384854,15016.556169578564,0.29043714528572717
R9,2006,-1.7310155572637251,594792.3837308194,7845.271205064263,0.3102486951222342
R5,2009,4.312333944947965,8452131.674113054,6137.761180261095,0.4270714860789849
R6,2012,1.230342252373139,9813806.038724747,4227.340016711791,-0.1083371986257757
R3,2016,2.4604103376579634,7952114.452567721,10323.96636240795,0.2141788651225289
R6,2013,2.6154774554404785,8552470.724876203,10207.041940161102,0.08336745182567033
R7,2001,4.265824184945755,2495573.590138749,5452.860143149161,0.4951015794890239
R0,2010,2.456687775170451,9610207.057580678,2648.729806696758,-0.011322092317270785
R5,2000,2.297535093320432,2049564.474088941,9950.529997236199,0.1519343383968617
R7,2018,-1.5334357160751702,9519155.12258214,7380.512092165366,0.24965696357540876
R4,2003,1.6288561536164288,9948711.010262916,9585.775730899359,-0.08231336341802317
R3,2018,-0.9488169942807083,7146055.776885883,21559.83273378969,-0.018180697871079454
R1,2010,3.162036381050399,9813322.944739036,7995.099561374842,0.17760987427413863
R5,2007,1.5855534456887215,5738443.817714326,6267.173230759287,-0.08806215828984343
R5,2010,2.761594454458473,2669463.653443294,4565.754305977648,0.2736187257006323
R0,2003,-1.7082896957833102,4426259.2680896465,6931.206008561872,0.5011315230144978
R8,2016,-1.4064558876793773,5976253.260249981,8780.500370466078,0.11602344749070953
R5,2006,3.0142637164387756,823507.4640674484,8321.965220408212,0.0406475921799877
R2,2007,-1.4954096480092864,6261198.319710736,19182.096902829933,0.23372150205624675
R3,2002,-1.50120290564319,9813660.583946716,10399.809656818354,0.18119700922046963
R3,2001,-1.9152406733557878,1982065.7328589035,7574.9313243676625,0.39667306674806674
R2,2014,4.695509788096361,7946691.651254995,5691.446487732674,0.6001772807872437
R9,2004,3.162558516213049,9088198.058418231,9258.861592350908,0.21188620085780502
R2,2000,0.4727598595144489,9442645.768920187,5148.681393663922,0.06550846045165787
R2,2003,0.07574906901358647,9605342.483613927,8865.43724375823,-0.11371016186208814
R3,2014,0.44792260822094665,5262450.4233425725,10339.294995168126,0.06476059457341797
R6,2019,3.4225747182682733,9775348.289115887,7271.907302639442,0.1705781718476124
R3,2018,2.6295942774929006,7597371.050630945,5912.693608971172,0.29762716037675796
R8,2002,-0.7036310249277244,1700547.2187459227,2717.1846723598774,0.2572155300797533
R0,2019,-0.7812346526614096,4821311.054032903,14355.929812864928,0.09733181080346709
R7,2010,-1.3112304520062188,7211478.636182839,9913.474735913867,0.12073096566103939
R6,2016,2.622119037909367,2548669.126608925,10034.742902197695,-0.0339230893100578
R1,2012,3.3506086355521516,6442090.3171339845,3711.9916042274144,0.3136308980840704
R7,2010,-0.14467500172497183,6699344.74256153,16153.94142356642,0.012473766325653361
R0,2001,-1.8533852727836102,1710727.4637048023,6421.400804245824,0.4497770643221157
R8,2008,-1.4247983276650085,5694344.593282287,7013.571583586642,0.46440524342191514
R8,2001,4.775020243915213,7739106.418688216,4747.419908471278,0.5855005982268715
R1,2008,0.06811344234194205,5039067.078905825,3316.041841800317,-0.12959319655861956
R6,2008,3.384562034866935,219820.85608346353,14453.229391351631,0.2535628283596995
R9,2007,2.372644981979846,189480.84388499256,15418.119454186903,0.1586836734729523
R2,2016,0.6735774775702712,3634590.5053031207,7459.442245048063,-0.13871844582110637
R6,2000,-0.5601891646311143,9269321.277474642,5769.30969307781,0.07517198534754133
R9,2010,-1.150295072884155,2363900.118075727,6710.829980811756,0.3181928111405927
R8,2007,2.305090776272066,6380200.519829703,6803.500274530152,-0.12812468713351605
R3,2009,3.422436464464516,2298551.119863874,4447.378671053982,0.2669417173622771
R0,2006,2.507329774787915,3284532.8976295316,7001.448899614435,0.009591843138230825
R1,2002,1.7121149327441083,8495616.687054692,8747.742940914468,-0.01222895703101242
R0,2002,-1.7063414359785463,7315728.278472474,13481.566997618524,0.3871926274630898
R4,2017,4.779421443160686,1044452.8454007852,8161.00075519949,0.6862821730399493
R4,2004,3.5909993415820223,4344150.007765693,3684.256961238193,0.18464163919273813
R6,2011,0.04975425690675328,388780.6600881182,9669.906618730714,-0.054976265210006044
R8,2011,4.859792305511954,4860812.451369789,7129.77331064958,0.837559130116911
R8,2018,2.2131711274542543,6658096.715840574,16077.96286153544,0.05648249861684117
R2,2005,2.0769586074507256,1273175.9736217004,16559.726316511984,0.09202390486659512
R2,2001,3.2365122560067245,2959960.89520074,16852.04268675555,0.2251288845817187
R2,2011,3.6823885166309633,4038582.5924713537,6119.318617593122,0.390672014531875
R3,2018,2.595350251320519,9203357.144094892,21915.020245434138,0.037642512225689956
R7,2004,-1.1033297754365998,9933224.652687343,9657.318034205187,0.09444864253516533
R5,2011,0.3678725419614888,544621.860056597,18273.189370105272,0.04634902774511618
R7,2016,4.496585482282348,7633978.442604382,6302.427736088234,0.6740429027899396
R0,2016,-0.42769071709303663,3780068.257383198,6979.284136074373,-0.03951309189598273
R7,2009,0.6051691668625931,3985336.0436718524,9292.971830903185,-0.09979991180257386
R3,2016,1.024538180609372,7567223.236135525,8742.389284539633,-0.06629253670770975
R0,2014,1.0758349278611652,9192421.678239545,15175.020574383452,0.11227000731245027
R7,2011,2.2905770774616787,9514193.085575229,7215.128929722886,0.08959300516030237
R3,2015,4.601530864212953,5813513.601779376,14505.852898762638,0.46614254530733645
R5,2018,-0.3151510171724654,3635499.477074978,11685.65445537024,0.027182830739538394
R7,2007,-1.1494903658935736,7896735.950001915,7283.0418517232465,0.15642756607842104
R3,2016,-0.6177065709804388,2584913.6942967726,11241.171103703482,-0.03647822811072854
R2,2004,4.208474301464887,5684332.885451826,6395.612430962068,0.4542361754685568
R8,2015,2.520675688586442,3649926.769096244,26241.644169741263,0.03661898353225526
R2,2005,0.0013475246741210256,6600647.629707973,2138.4442111030658,-0.036297914037990625
R8,2007,3.711628572780321,2479949.2376457183,11344.310302071222,0.276908339097751
R1,2017,4.029589974544052,1996770.1627747752,3353.3061391706356,0.556060125527772
R1,2011,3.925600370831946,9190566.958086828,7238.5171320794025,0.34158656488054934
R1,2014,4.432485735476881,1107856.4612004152,7763.557549821115,0.5440650218426397
R5,2008,-0.2343128587864689,5108983.286575823,17219.827826262324,0.020299940440608358
R2,2012,3.285293501223948,2286442.5513337883,5732.596760999702,0.16062663430008692
R8,2014,1.2237764809189802,485406.63692410773,15584.092443760755,-0.0395457310926061
R3,2009,3.893989870230431,456586.3010851213,4494.418982307579,0.3752939280595937
R0,2015,3.0994347401312927,1834695.5438476908,15888.245878115846,0.17835696409342902
R3,2006,3.4351321254980727,8681026.509609403,6392.158469885313,0.16057010922199605
R0,2016,2.593132863767501,2896539.565372564,8406.136548639559,0.05629116535553781
R4,2006,-0.757998613712052,9509545.788695429,6848.676277658676,0.1805601438256606
R3,2013,1.8151884322785685,5858060.700593016,15385.514626112943,-0.03475505413196453
R7,2014,4.892688176671557,4422480.478710785,13958.862938705253,0.7238292533000523
R7,2006,4.561716465479832,5842879.463227601,10114.758362519851,0.6009949090961428
R6,2008,-1.6977838494209183,5215314.013740051,4555.387182401821,0.3556413979832091
R2,2018,-0.8462962898939401,7611884.912197519,5667.418862401909,0.17630559100518747
R0,2015,-1.0778985858180667,2896711.053131237,4845.044636813051,0.14846806567231405
R0,2007,3.081859369897068,3595198.876842994,2633.1300657967454,0.07557339149220119
R2,2017,3.7244973089986155,8951533.595079182,15224.466500179362,0.19927274646954735
R5,2017,-0.5054204358252967,9469919.480189014,6878.03470535059,0.16508317570365721
R6,2019,1.5409688506628028,8936326.452116098,6841.436600345781,0.04165740966647835
R5,2006,3.8849211960784,4252535.1401774045,17120.829775440052,0.431074983812874
R5,2002,3.1296108133637546,7825618.479768129,6386.90895553017,0.25788246360605904
R5,2017,1.7956604384429378,4815723.759680878,5322.852017250349,-0.03450182169742845
R2,2009,2.13243383321141,5025644.5362464115,7241.815327131989,-0.04836732244646066
R5,2006,1.5585238284139598,2126333.079667111,4599.327950385331,-0.1324432976344945
R7,2016,0.08283915923174412,5952190.002259313,9625.565249419054,-0.11687579926661323
R1,2013,1.9551539500131128,1942745.3877581446,6722.187899888138,0.1168318222663157
R4,2002,2.822197114350635,3382490.5207652184,6287.785963858247,0.06670563060197418
R0,2011,4.113260411025654,8564798.996037358,6021.239499222635,0.5401054262640699
R0,2012,2.454039477854737,2150050.511187467,7683.9518152512455,0.03702295711993875
R4,2001,3.3278507593021063,804467.0232169848,8448.469357001544,0.1533203370549272
R2,2002,-0.879498555317989,783175.1668668814,6247.973535256983,0.017189261217106053
R3,2004,1.2309023209385295,9413766.752980769,6772.442149505869,-0.10614964160803506
R2,2010,-1.9346786612103468,5118512.335822162,7779.431842817849,0.5224408205187967
R0,2007,-0.27324794834863875,4153179.5109884813,7396.712562916405,-0.07736299107928035
R0,2011,3.085232005791034,8127697.951978393,8229.972756822497,0.3790843080467299
R4,2006,4.942669659445544,8374676.686314109,5777.143286366666,0.6431714594286577
R5,2014,-1.3057533028894888,3388691.2278444855,13390.442089904733,0.2908199117544139
R2,2016,0.8104602110290178,6966818.768990573,8505.038985944495,-0.06272886284534063
R8,2003,3.600496780894116,7734115.876933677,6298.561944762197,0.2560732171194146
R4,2012,-0.5717505575977082,6581041.79997295,9625.702164868839,-0.05362208694707826
R7,2017,1.8855946451160035,1600791.2405209837,7807.3095885882785,-0.02062540450221681
R0,2000,3.131499072207724,8771242.526818864,3405.2948999839546,0.06133581510451905
R4,2015,2.3118981518212536,5437036.072086486,9609.200895863582,-0.13210387193914305
R2,2012,-0.683826857692087,2896477.0210630368,4867.067598108095,0.1037235121560053
R0,2009,0.48769198080017606,4309759.03583317,12928.815922877078,-0.10041933535675318
R3,2011,3.4865424913977803,471953.79494918307,7180.506340762023,0.4275795296888321
R4,2001,1.8795855989241161,1365881.332101934,11968.52000272046,0.08868571280101707
R6,2002,-1.963392705199611,7678912.830107022,5912.894321327075,0.5588280343951905
R0,2009,3.3269353201966574,100115.1840781248,8391.416637760105,0.15264310876814616
R2,2001,-1.7528205154183265,4224001.701974693,14840.597077627066,0.3425148135185298
R1,2012,3.220136479118625,5272850.792747325,7083.275541418389,-0.06561679667244302
R8,2012,-0.582636078843338,640880.7580096257,6030.5376642614865,0.04705660983415842
R9,2017,4.706514360835661,9733473.813426096,11243.217162229035,0.6467622701565178
R5,2002,0.5755852591145914,2338640.779371752,11134.80200680677,-0.025588798615781363
R9,2006,0.2885213143665535,3111567.3243991807,6158.727332358433,-0.028926745048632463
R2,2013,-0.9577836476728874,3109030.8713247706,3002.7069869848615,0.1483050977299346
R7,2019,0.13922950843150428,2381124.954961764,5972.90394608344,-0.2842779714585877
R7,2016,4.136555332797404,114590.83865448301,11369.388015971865,0.4675211513931895
R1,2011,4.9743403633907315,7320513.461471164,5499.887438523507,0.7881130553968426
R5,2015,0.5781667135479385,9671770.448012926,8058.889779159736,0.09269970634083245
R6,2011,1.1402744166817982,2320505.484521946,5832.829703753162,-0.012142348473536006
R1,2014,3.054496567419159,6664167.198853882,3083.795488403046,0.14797410060553154
R9,2009,4.2033704632555215,7444773.636891279,5780.580629084238,0.573573308465992
R1,2006,2.1513103393074893,8499411.252996195,11345.381347379333,-0.2194576475901316
R9,2019,0.7406798872448053,4284029.050434731,2477.1742147195787,-0.09813250701874604
R0,2004,0.8883528859403662,3099015.9658402493,9191.95271380055,-0.1259577441019789
R7,2000,2.8693270254776477,3320421.826828008,4478.150405745886,0.12126699642592445
R0,2016,-1.9774721547700493,7154951.1976752775,10984.286546523153,0.17339774039863354
R8,2002,2.3371253622188846,8186116.718405797,11581.44431072099,0.171358777938821
R5,2012,0.488451073089502,1897978.2807903662,7435.5366304535955,-0.06189687473726049
R6,2013,3.5593813189395895,3772315.9807618754,7444.017142414654,0.3094013059027411
R9,2017,-1.3490655212380749,9029207.947816586,5414.407046629611,0.24821456365946487
R6,2003,2.1174158686387337,8086265.844977918,4134.858140878442,0.1386799006619778
R9,2017,1.366810229202866,9850098.187348511,18940.285739078936,-0.22946752627501177
R2,2004,2.496278681336592,7567057.770852599,5257.7806467288165,0.07317461115809971
R1,2015,-1.5460248386192217,3992632.4901764304,17745.692077681128,0.38872995001378774
R8,2000,2.059886511996919,5947314.556546913,5272.447632456024,-0.003630673756419362
R7,2013,1.930392115716666,6644041.117048471,10536.442012864725,-0.10184546486444347
R9,2014,1.9246206609131966,876712.581539527,4587.527193910617,-0.06764284323620073
R6,2008,2.2244136661751837,5490519.895128264,10526.98783289709,-0.01433475888481276
R8,2014,2.735275560584536,7122276.2018788345,6885.729230760637,0.028454060605799872
R3,2016,3.634922997765388,1756480.9096104978,6930.8789701616415,0.28185984850091106
R3,2003,-0.1112549591024996,7828254.002513016,10992.973609283465,0.1625691195249951
R0,2011,3.775345871260434,5879350.527089705,6408.812769928333,0.2753907587023687
R7,2004,1.4877897758441754,9526995.678406186,3967.636087095423,-0.0868704541569944
R2,2004,-1.460592046059682,519980.7522482278,11856.75209936012,0.2987037192616399
R6,2010,-1.5901434952921456,2726728.761799123,4569.000289882792,0.26796012991382306
R1,2005,0.3396682308724257,6055383.405068258,10490.849103445438,-0.16111661106853065
R1,2006,3.4942788397802733,3035943.130838714,13180.559695443366,0.2549525027508791
R6,2013,2.9537665431864104,7172799.224305298,6716.033839500557,0.13097104202403623
R5,2010,3.5203047527068447,7614152.296967117,14635.07643763244,0.3651646368696508
R2,2012,1.6208833950912656,1114908.0442580972,10310.22967759969,-0.12794043030526334
R8,2001,1.0813929856884341,5187159.195647,5721.974916624035,0.04856318918150822
R9,2006,-0.9678323130560123,5138016.500351453,16329.270313005123,0.13383511940537443
R5,2019,0.29734927526518096,3755879.6251338567,4578.671131881202,-0.13610826504298126
R9,2003,1.0381355632171267,9335956.139439754,6711.98346770105,-0.18080511514859854
R9,2007,-1.3797969922426794,8292312.56674489,7308.860061105641,0.42661053900521817
R5,2019,-0.4557163310215211,7002372.880905404,10966.625019993126,0.03996389953659391
R0,2018,2.1875770584461716,7171833.693776476,14153.491881296935,0.11416737516043189
R3,2012,3.1496417996743293,4670989.823749879,13717.062549291573,0.010236053884541463
R9,2013,4.988432579750647,9217845.758856101,9062.263115003043,1.0091492109572102
R5,2009,4.531793319404904,6976494.729807525,7043.534957455184,0.6630026653863682
R5,2010,2.497956396746341,7316912.510392583,3251.942793005289,0.03664964691214316
R4,2001,0.9487363730585039,8630739.947494717,4200.366543697543,-0.08048518781319115
R0,2008,2.4532415529576292,2813308.734487691,19600.84084680712,0.12905536339243473
R7,2016,3.499561326561624,8090001.94828036,3235.581703073255,0.3301085099346299
R4,2002,-1.1716466635362888,2032881.9692692712,5473.944104057915,0.20405538960215863
R4,2005,0.8693342278740177,3518885.3272243896,14361.454719030973,-0.048058446979513
R6,2004,3.8786159994493206,3422543.497271443,8998.891207829674,0.4204282120168723
R3,2004,0.6868306635313082,9787402.137052491,12887.62123557195,-0.2192666036428057
R5,2014,2.003105898590306,8579718.515104476,10629.773629112397,-0.03681639907209206
R3,2016,2.114385526035387,7041581.629743571,16895.308666563615,-0.1525936307974263
R2,2008,-0.7086662280645246,7297861.939992363,9392.940197663867,0.15643624841666298
R6,2002,0.5356480915660189,5664520.664585453,11290.578146710393,-0.10680026236001791
R7,2019,0.341579021193525,9476197.60437434,5641.339035590199,-0.18548189860129394
R3,2016,-1.8166230402755463,5012961.653535379,10863.528925343233,0.2672896151486562
R1,2009,-1.8306576527605132,3867125.3277119556,6647.106665024228,0.3655667575031614
R9,2002,3.8218793057304143,1714049.835622751,6460.403563850182,0.32762730254989725
R2,2017,-0.08850433019031323,7883435.957384474,12674.682227337013,-0.10807357206112421
R0,2017,1.626551363671708,7370994.927548355,12718.484516730272,-0.20085852960711778
R7,2016,0.09107901512141137,3905114.8813889353,18849.111903113237,-0.001299853459316611
R2,2002,4.584754715807383,349414.79819637066,18244.730776441083,0.5344465079501176
R9,2002,-0.18492268793958377,8406073.544408306,12818.664869152606,-0.005605982166706672
R6,2005,1.0075976891725453,213038.03619532898,3428.153972639928,-0.06596563250479184
R9,2012,4.109111753392213,7066627.818327605,20208.134320689926,0.4763353634716118
R4,2014,3.89353496754266,9705545.386287965,12822.84770051857,0.4533218805965965
R9,2008,-0.6972900750760589,4432847.148667214,5525.173645582897,0.10869060004342901
R4,2003,3.6185031685699727,2426236.7094599325,11666.241144169722,0.26078168721458495
R6,2013,1.2073082071652488,7078222.999429479,4824.0404788922615,-0.04537481155251625
R8,2004,1.3807821045974866,8189568.605954293,11040.383538732656,-0.07667394616687757
R4,2001,-1.0656401930883934,5509660.129170689,4195.907730751124,-0.0009118649981993687
R0,2010,-1.4357894037001273,9673649.225035848,5409.385587466887,0.3558481180878486
R9,2008,3.0955751488163568,611520.3444138148,11556.052036948544,0.2599156464656152
R9,2002,1.475228066487098,5097476.423214829,13855.58073340264,0.16012548511691294
R0,2008,1.0579549183062569,7212694.078493246,9534.94194806827,0.17821786927555505
R1,2002,3.106557600566777,8640140.664376872,7022.788789941422,0.05427723300000685
R5,2001,3.358590292937768,1874630.5578871216,2814.5758450067174,0.19460741645913043
R8,2011,-0.8876428263145251,8020034.469460446,7298.976779893836,0.3793137316738487
R7,2009,2.2715760463434886,5571800.049613598,10580.230995661366,0.0267902205235034
R4,2008,-1.0525214240562013,4025881.4517006357,6916.170137276428,0.18506330006516003
R0,2014,3.25962560220332,1403978.7829330263,8012.1228462704385,0.053182397937177855
R6,2007,2.5986860938699765,8666428.013198232,7384.889750715956,0.09281872449433957
R4,2004,4.696302347584206,1657004.760979182,6899.104441599909,0.8263265897137344
R5,2010,-1.5172938855050517,3166899.8061700827,8416.410374185174,0.39550100631040885
R6,2001,-1.6006169519412197,2971450.766428125,7070.261241560791,0.22716196438434766
R2,2014,-0.024690477147598866,8726998.938489458,16674.648261795835,-0.03713210795899294
R9,2005,-0.1680602138486582,6759759.64266809,2688.6394818108574,-0.09487179609061767
R2,2007,-0.27114840649600125,7987145.832194586,6167.684155732338,-0.05432540045810443
R4,2004,4.343782063647257,2579632.19804574,5244.1680380605285,0.3180227315798085
R5,2015,-0.2531766010534573,6286253.586109289,9041.273343215023,0.02004061220542053
R8,2017,-0.09635191709958302,5760285.2331231125,8421.745526542813,0.16111044429943763
R4,2005,3.315787836925746,8345020.730203884,18234.97169076678,0.25368685769203614
R0,2004,1.1481788971537799,9070261.89876448,21494.901020449863,0.08772174827465877
R3,2015,3.4369738986862686,220352.0376261294,5505.254463815174,0.35426702923650744
R4,2012,-1.5424368970493032,6772797.198682047,8105.1102153521215,0.21851845981662163
R9,2004,1.41299835571369,613174.4112853173,8938.760468172432,-0.11742228404953428
R9,2012,-1.7647047987170215,5533700.784265824,5437.600325162526,0.26006117551730074
R4,2016,-1.5614275758125182,2947564.0175324143,11094.347440716321,0.1063393664624348
R6,2017,4.345062173410876,3137088.335269198,7188.561172633244,0.5127050704787723
R3,2007,-1.0252824021768339,3594289.18417833,4751.3429087326285,-0.13535799922935038
R0,2012,1.72694477592652,6250795.24559114,7046.003445252073,0.035563986290981536
R4,2018,0.8776692182049457,3407094.660120815,4920.486632449728,-0.042063665419383056
R6,2002,0.43140328381189885,7353720.600843776,13606.779153634112,0.013309097932478607
R9,2007,4.298833419810907,4104821.11718131,20968.563680960302,0.5998167248778798
R9,2001,-1.8472362225715735,776696.6830685904,9158.243548619857,0.3752171641900675
R5,2007,2.646527803229124,7859222.4405926615,8566.704375600968,0.24870986410580184
R4,2012,4.743761039494853,2929007.4134677895,8744.82506663319,0.7129819171371999
R3,2012,1.9211772842328934,4384392.1080327,14634.20702903093,-0.08328430523227057
R1,2000,4.557757234231643,6885894.443896825,14477.478322835892,0.5591107226717915
R3,2005,-1.6341948449978336,3391315.955772249,7647.799326719802,0.07082002139564442
R9,2018,0.9315532335191299,660197.9958524847,9193.895072449839,-0.13998479605513225
R9,2015,-0.17889546326564187,3801818.3654268547,11229.765922703014,-0.018609914927923465
R2,2007,3.1157467548651088,9450040.968673604,4587.801772747394,0.22844657749187852
R9,2000,4.869079633480727,6453170.533255726,14858.154509122745,0.6234527576565867
R0,2015,-0.20428956289026523,6747643.571805349,19291.424420668707,-0.10211073382912175
R7,2008,2.5792222103185214,6359593.321012635,14508.878515259375,-0.11405605082264675
R4,2012,-0.6133165706818191,2070022.1756984242,4346.834005166909,0.020497766002495435
R3,2010,1.9573117820012693,4241505.254612573,3026.0087086658173,0.19090747263471525
R7,2012,1.2475274068183535,7534304.00379685,11549.060108588577,-0.01982580565398578
R6,2009,4.804037307420759,1103591.6857762756,5540.861513587179,0.7674929330479671
R1,2003,2.2596909088752657,2850742.483288151,9354.068647159429,-0.06066436397127531
R0,2005,0.44654460460773127,2835559.1738119507,17458.36810072126,-0.19202933227578126
R3,2006,-1.2013295057844664,4376987.383185609,5834.374912896914,0.07018483324305741
R7,2004,-0.941272198855458,9805650.535327632,6709.1173027421955,0.12871377658669153
R1,2010,-0.42278149034135426,768275.2121698372,9305.505435438496,-0.1481975258850274
R2,2012,-0.24323337061791417,5235139.844367891,4235.451360378732,-0.07337758095007808
R0,2018,3.9543124048879648,1875710.3519208834,5547.329401411471,0.32776202068661614
R0,2009,1.9285595179776744,9709697.799556468,8204.423605470169,-0.13898139168498358
R2,2009,1.6637363796205653,1221704.6968018955,6972.802934439509,-0.2403410026508922
R4,2010,-1.1966178969154777,4095649.9233797533,10984.098081536551,0.22022187907344465
R2,2006,4.020977853446045,7405061.349862602,32305.40417772849,0.4109025040390302
R0,2017,3.059700122459386,7075088.837471709,8514.868670866286,0.2400212164859734
R0,2003,-1.526321466699989,4285013.505249929,5319.550184530442,0.15807243273021493
R7,2001,2.954845680608381,3530589.2627319107,16467.10736783765,0.21706335605440935
R9,2013,1.8047675213985226,4036362.5476734187,3661.363003288601,0.13531295762358464
R1,2012,-1.4279225797725523,2716335.005270529,4046.2504420325727,0.27096187589215576
R2,2011,1.2081044907005953,2132796.093197318,6017.6270368972355,-0.10882825549217835
R1,2006,1.392874009910329,4882093.005833011,7034.322352437954,-0.027774435665924545
R2,2001,-0.8395782188570697,2758484.1850693123,5945.938329498037,0.053423662235109734
R6,2012,4.619887029001976,2945870.482482776,7976.410983135089,0.5227507493689627
R0,2013,3.9498276003646335,6601885.028398115,9296.292570932555,0.45340018254398123
R9,2016,2.683156361303758,9688519.583828934,13828.400555891572,0.07774573485114547
R7,2008,1.2360689270042506,6076008.285537814,8481.088970907664,0.0732959922598498
R9,2016,0.8823587910915593,862096.7239431662,6118.2224021620095,-0.09355032622268504
R9,2007,2.5568142700566794,848277.7771552631,13457.915073174641,0.0370660755056045
R9,2001,1.8180230858483384,9519089.886371102,5383.759829479978,-0.07319301107410531
R1,2012,-1.5640882588268008,3043178.824042603,3582.078964397176,0.16670908608395224
R2,2002,1.5875185413923218,1011463.1622165068,14808.81675330554,0.04870139168564716
R8,2015,3.6448253206298764,6030541.412788778,14341.699509032807,0.5183262152936619
R6,2005,1.2146791431787065,6274122.905073634,5452.616171232899,-0.085918367130818
R3,2018,-1.6363039571201212,6520197.719175013,6637.233891626888,0.22945533334885987
R9,2006,3.5039473956882317,2747280.075789659,5123.208732669061,0.18895527964798492
R4,2009,-0.5904535250481793,249595.77372330285,9540.60432414589,0.008503798006870955
R1,2008,-0.18965415578372857,9653652.157599272,19264.602925929314,0.185742219142755
R7,2001,-0.8470555259739287,2583841.152341915,11515.404034385703,0.04873265382555218
R3,2014,0.3115054541004829,6792660.25172022,13600.506603551605,-0.08482544310228488
R8,2004,3.297260539820445,7095635.711799225,12208.212571468703,0.08983487417570889
R4,2003,1.6357010165275616,6139073.429086909,8102.601206567312,-0.0004293334929841956
R8,2019,-0.5658310809450122,3197783.2027151175,13928.191337320546,0.0658683924875726
R3,2003,4.144810547064286,2783852.912264251,11760.659284124033,0.3307737912660826
R9,2017,4.157072984660704,6016915.998756761,16642.631710958896,0.3590725317919145
R4,2003,4.094048975322048,8674346.772755746,6439.624625405791,0.5819502901381264
R8,2016,-0.3284265203292249,9472663.916341616,3398.00638143446,0.041506626622577425
R7,2011,1.158675409266917,1148467.4635972006,13665.442877177851,-0.038572566179969056
R2,2016,4.894927592986125,1632803.2647174266,9651.655753641911,0.7190884302328406
R0,2009,3.4040873341699323,9452888.961952489,6988.190625355007,0.37844433433693214
R2,2000,-1.8098280514210812,7391698.7605144465,7186.241641740387,0.24023524769556848
R3,2017,-1.5435678611765558,8841638.865814753,29066.545799640222,0.23384732120286844
R1,2017,1.2475196376863291,2106063.0779398973,5877.593413722629,-0.06383322211423251
R0,2013,4.364541441030921,5917100.123983079,5288.808941080766,0.3438893728917489
R6,2014,1.7709125856689996,7041281.984732989,8456.089542720556,-0.11189884092099121
R7,2011,1.4846875562400315,6833107.66592503,14621.45776975399,0.06641358408679042
R6,2003,-1.261684100303586,4140701.7395803113,25316.230563214107,0.28178209811131383
R4,2002,2.597460733070058,252409.42774395391,11256.291341699081,0.17130072719523948
R0,2019,3.754722124201578,5870967.962362205,4293.234231549866,0.27051567682514266
R6,2011,0.6629400525529361,2605705.2378781266,21707.91317198564,-0.09088905360323277
R6,2006,3.4292829564772926,4557517.036814614,8024.588347825917,0.06626423462774952
R8,2010,4.751336577305681,9580052.049329791,5330.206631542901,0.7468197600432062
R2,2000,-0.5736347861061764,4050449.6446601036,4723.492641931731,0.18348154887878118
R8,2005,1.663307418363189,8414035.905977825,12309.96479947273,0.08039093321634276
R0,2014,0.009965706592028667,1966551.9969175863,9130.855699170503,0.15941752045391505
R0,2014,3.549980933236876,6757358.930447785,9629.029187783339,0.3173309973425711
R3,2018,2.0431535611681024,9772368.848945541,15417.392889916684,0.16009665126355394
R8,2010,2.4420769228521264,1108741.6986420741,5425.811238312139,0.03393183165534504
R5,2001,3.5853991173112583,182367.4280492009,16043.792829126527,0.10751339328913656
R2,2013,0.771793308637184,4392469.647062882,6250.528746569002,0.038676382423149955
R0,2001,4.405630478849303,1016992.2822085352,23908.84341768022,0.3495270353224972
R3,2003,1.7312020707229796,7509005.061794691,10931.125048105843,-0.006246971639184813
R8,2016,-0.894316240152564,9154031.772100734,5114.734317054204,0.22495408109771287
R2,2002,2.871293827181617,4396807.629816713,2943.3125929427747,0.15751290898592088
R8,2012,3.5528294530677806,2661245.2573388657,12142.44398580052,0.5036712178807448
R6,2008,0.2173317394726868,4400592.858165436,6720.446414264577,-0.2159644191128553
R3,2006,4.0002547989912705,7262133.39671501,7496.69212879212,0.39179037568991587
R2,2014,4.343002783360365,189636.1996456727,11885.779976254546,0.510528927003023
R9,2010,-0.061668588355337395,5935594.495898502,13429.471185467508,-0.12805327204322062
R4,2019,4.884650309006554,6171587.680385053,14940.862236899015,0.5891521220908073
R4,2001,-1.0150193036586912,6413113.644269762,4503.361269949178,0.06850227862319783
R2,2014,-0.5858903211825703,2496018.591810684,16530.250993379665,-0.03421232386389844
R8,2013,-0.7104261253338171,7169121.961443455,6066.137358041578,0.08547841149483594
R3,2019,4.257927970055093,1004775.7146845864,2622.478213292626,0.42040824288814893
R4,2010,2.5800478662747333,2072776.331021328,4495.26467188265,0.10661840139553438
R3,2002,-0.9352700174440898,8786953.46187937,9036.367487843248,0.20220654864120863
R4,2016,1.0822639285784428,7413359.192193007,4967.107098873901,0.008516263669146866
R6,2011,2.307086175488614,236080.984712318,7754.105820964355,-0.005588911010803083
R8,2014,-1.415751405074317,2558924.977661022,9596.236254557078,0.27024030550237405
R6,2015,4.176914578851371,2222624.1816323292,7400.532961664433,0.5581522036835925
R4,2004,3.625224748090746,2780982.6475660284,6328.527281204292,0.3391467070271551
R9,2019,1.5364474150364678,2550841.7257708753,4335.759035171278,0.15028656089930742
R9,2005,4.769886306814193,719010.3278541728,8192.479711583126,0.7588200369919267
R6,2018,0.924326854925698,4643511.114308521,2885.695736037865,0.12212702850911797
R9,2004,4.888772233255485,7354061.400383035,5750.263616798889,0.4568931613139361
R4,2002,2.6754399916253897,6106644.0747026205,5095.4738560801125,0.10002257039090756
R2,2000,2.4426989127775904,6761429.51912099,7189.030303580022,0.021675757551260263
R6,2005,-0.838315732929505,903376.8675087676,7283.269156449685,0.10647226366538565
R1,2014,4.173494308132508,9519758.030750193,13094.902839062364,0.3730573641770573
R8,2001,0.992427815444306,8401069.155045945,17885.37535521189,-0.010377193062634765
R9,2002,-0.8643661595226444,8070394.153107061,4633.6982200633565,-0.05704258440308056
R9,2016,-1.9117473601696866,8247539.669913498,21947.67109974793,0.414257320759886
R0,2011,1.9182897854686782,9333834.030514337,5488.181276208426,-0.0850083155132485
R5,2017,1.6917973548587342,5488114.264525607,8833.11840465366,-0.07610943000256634
R6,2014,3.0354753565841097,2082791.9768894964,10461.231810277555,0.20100817331963428
R7,2011,4.231806371124615,6206157.717740158,27509.62923296965,0.48010639380871606
R9,2015,-1.4441539074987935,7454526.787312596,6178.673176974012,0.3540865073177264
R8,2007,3.1204754323825368,7405382.194204851,3299.8457155928554,0.07787045238229645
R1,2013,-0.6881163913169246,5262345.339252113,17071.91056950044,0.08441628230993106
R9,2016,4.007239372100148,777741.3214024227,5341.774716223237,0.4910517437565799
R1,2007,3.7334445970315926,3774018.0904582655,6762.890792886049,0.35970594262720024
R4,2014,1.785556284898811,9215589.423787238,4633.765840834944,0.023414359183480705
R4,2013,2.9716995903631807,5886044.2065985175,6772.652650594404,0.25518424957024016
R5,2017,0.20045079228623885,5429486.238231563,5323.063337287446,-0.05866029810916765
R2,2019,1.2981752925297023,2761649.792383716,11364.172339472654,-0.10723766245846844
R7,2006,3.7514582839733013,3747644.3071741313,8437.115931043261,0.3861165781154988
R0,2002,1.2148563802124972,8963926.282616375,5764.492627322498,-0.06263498539520808
R5,2011,0.5045878572780924,6697984.170515673,13332.180635182955,0.07449201632758713
R3,2002,1.4594871307520991,7895131.564848095,9204.965772837106,-0.0024662351221545614
R0,2019,3.7977447670605287,4598019.688369785,3219.4823822994463,0.2790337210517025
R6,2013,0.3464563315961091,6339447.472615964,12833.980476057364,0.005194369006654927
R8,2014,-0.7836688480497935,2558997.7265577544,8887.792117504834,0.01880376155291054
R3,2013,2.9840981423154656,7084062.219806514,16242.170297506143,0.24152511875268975
R3,2006,3.781847488956573,4333253.203663039,8621.020233177944,0.19721854193588428
R5,2016,-1.2955376503352667,4481200.596665981,5454.222316719321,0.3356811826249564
R2,2011,-0.32088121070838693,6528291.013311128,7316.243801263365,0.06932400975858041
R5,2019,-1.0061960716730427,9369178.152542373,12112.093138769142,0.13478503693755
R6,2003,0.4355898810751664,733662.8314253471,5511.717007162727,0.04226135421062489
R9,2008,1.1524568523378886,8264958.049735376,6501.912259888569,0.002294819007474344
R9,2005,3.2417843587431454,2994592.7930807117,7252.893052671041,0.3343180241210768
R2,2015,2.5580330941717193,4494802.59961314,4561.077620581115,0.20347952996206178
R6,2001,2.346499972349018,316941.9548725886,5551.582424794898,0.07588215319342395
R2,2007,0.46662462626758083,3080356.170559699,8833.221791967952,-0.12295260433894784
R1,2010,3.8901328715933197,5076049.3020382915,14783.084602248495,0.31349250072858825
R9,2012,1.299010171787152,656143.1657396462,9495.50200545872,-0.052694334439555734
R3,2016,4.853734566106081,4961847.720893335,7919.389276763684,0.8007356747395507
R7,2007,2.4389949680701584,9278395.22569843,5347.393971180967,0.007896679772814247
R8,2017,-1.1161468090484807,1143392.8592672716,14010.7504871725,0.13660981382928972
R6,2017,2.733242934528038,7667963.207947493,10064.329813082251,0.2850416164313109
R0,2013,0.27572810802189274,4155743.428422327,5690.965055302916,-0.03420136246229531
R2,2014,2.8042903768026823,6586219.773790946,12699.580359509393,0.04929999916447776
R8,2005,-1.5125119628631598,2676342.3200537707,10719.164903047387,0.34330042101593916
R0,2010,-0.7758299397682844,1678973.399159447,5395.037482565179,0.10206517045291294
R8,2012,3.9901608123405046,1688579.8812851417,7702.581965797095,0.2580931678394849
R7,2000,-0.4097431008353958,797870.261867132,6333.53389036318,0.15346018879838721
R0,2005,3.8592878767005807,1937902.378522306,30235.40809387625,0.2840724260224183
R5,2008,-0.04506738081912687,6675771.911390786,10571.029173824383,0.008966851361565095
R4,2007,2.5001733704109537,8828737.057250729,8896.213603831106,0.055712095685772414
R5,2010,2.859054014568817,8159844.287352502,10263.318716180424,0.14581420880120805
R9,2018,1.5885832720153705,6882829.667757393,16148.481413385265,-0.2517858938516505
R4,2008,0.13717473687711923,1193275.4477699164,7772.210758384456,-0.04628657614577003
R5,2016,-0.5114893654023271,2962955.718329903,6033.275549247313,0.17671371109778666
R4,2011,-1.7676745180630165,3167088.065692443,12359.022153020303,0.4595456638859329
R4,2013,0.12762480868506643,2574573.76933645,7424.404192369805,-0.11107711444294377
R3,2014,2.572139533718981,5198556.031126259,4745.9757881720925,0.16564095994528832
R2,2015,4.568133729139379,5401982.767308759,4305.535434349464,0.5104359400085461
R2,2019,4.098431375841364,3633171.154193991,17407.358105136165,0.3925606236011821
R3,2000,3.362453435747118,3602512.6714907167,8654.392577491939,0.19686087515774298
R8,2009,3.519131402773091,8302700.419270205,6034.307067723445,0.2781815221924169
R1,2007,2.654894324331967,7913999.198364887,7207.176498380658,0.1870704068643942
R8,2017,-0.17799199703797886,3147178.733639382,12133.461875123323,0.0458417108571874
R0,2000,4.350365214940809,9146505.594345268,6997.42317269561,0.4986341776418843
R0,2001,2.6951261833408386,9532868.66832481,3925.6614386158767,0.19040376217620547
R4,2000,1.9230844168630794,3334751.166097404,9536.86816614449,-0.08766189699059887
R5,2000,-1.2230737155056324,3608806.993051243,14826.53720864299,0.18938109288180593
R5,2008,1.129388806644978,5105778.118877392,14338.910844262275,0.05041519600200345
R2,2012,1.2225078984134843,9417096.044083368,6126.231221281337,0.005406109421876568
R6,2000,4.05194526665869,8775562.388108885,15284.374763114629,0.3690880977895278
R8,2012,1.8265375413145195,1115422.829577539,9013.466239041018,-0.1671374612999142
R9,2019,0.6628038427928677,3988034.3583870204,15071.693666570258,-0.013229118498756007
R7,2006,4.837602299574615,5578374.778522741,10795.055832449705,0.52849205029472
R5,2001,-1.2249558467157904,5081011.478260246,3786.5158659596846,0.1762712895226225
R7,2005,0.9578389981836124,2019244.3725752374,19406.61892870598,0.06798371742737484
R4,2006,-1.705827273800163,8602286.034564732,8315.628088701622,0.37575092641222607
R7,2013,3.179328845368513,6801713.75166869,10811.837870524492,-0.014891686988453973
R9,2017,4.4265358653940545,8395292.911032856,4138.040666223464,0.5571025522756208
R3,2014,-0.03973869314657397,8601766.365559775,10432.312608666723,-0.027864163958952165
R9,2001,4.008391737593846,7508722.9512908235,14065.269283295069,0.27514930226860124
R7,2009,0.04552761323328447,4448184.952372202,21325.528779961827,0.02905300643521777
R9,2011,4.375391131507406,6144412.874652703,16320.86937126917,0.4704894796538697
R1,2016,3.277733325177488,1687617.520585457,10690.516852121777,0.160850051167255
R4,2007,3.634347437890071,6769089.633001586,3743.631180734122,0.3093938330185712
R8,2010,-1.8739541107968185,1874607.2318188795,8657.111451220544,0.30039215845814815
R3,2002,4.739672499518182,6970100.946050553,6025.436581500892,0.6588311035692849
R5,2005,3.086696944492263,2373021.7914642897,9113.288822083814,0.10838271794467386
R0,2008,0.13325766770293335,1263757.8714871777,4410.9134724562045,-0.06628403253246626
R8,2005,3.8057626540119287,1736316.4524152786,7294.796363990804,0.4429081804619559
R0,2008,-0.029351611095490338,119722.13866879565,6256.701811616531,0.11244540060127174
R4,2006,4.109276876962896,7215522.216749949,6160.52217753592,0.2625147101665444
R3,2008,-1.2119372671164408,7350770.385677953,6191.185754363446,0.2693406080675827
R2,2017,2.92580184222557,5197840.1641412685,7570.940974462255,0.27529473723858056
R5,2011,1.7848893365143725,1697491.7304482986,9349.67983568764,0.13654024526905623
R1,2007,-1.3242587086319144,927187.9413558285,2323.3216957342693,0.2721468998210766
R2,2007,-0.3067432021881271,289376.7677291414,2469.5310957703105,-0.07036089595114572
R4,2017,-1.9131717460587965,1740906.951955685,6840.761467231925,0.43732656513651635
R8,2019,1.2813757582515408,8919469.796333153,7340.156754997389,-0.1329666196550102
R1,2014,0.10885682532000285,2491214.7328466494,8906.669065405984,-0.04458970872672822
R9,2006,2.1885023900843112,3607286.139450435,5631.684192956505,0.05893511226628792
R7,2010,0.08066465396032019,1142920.2963651987,8141.523445982984,-0.08821706073797903
R1,2019,0.09943378054889296,2301376.9170068856,8632.259788878597,-0.12408905489095547
R4,2015,3.2023523911212237,5240323.250724031,5612.328369662071,0.23909513458295098
R6,2003,-1.663000148151526,6116751.56264696,13449.912922837477,0.491300909883984
R7,2005,4.3202649663439106,2528987.9102454893,8852.836151223459,0.6255314053844828
R0,2002,3.96584712073827,671548.3763286604,10651.761406370575,0.46053107568458385
R5,2008,2.6746327825848457,3971225.4043612466,8386.871668622407,0.1881382913843665
R0,2009,2.15255099075169,2418613.372170708,23198.35271641814,0.08019063903232676
R1,2013,4.246117486977566,2273583.839975039,10918.332482368945,0.5218539599040166
R0,2010,-0.702688743298999,9602641.746863207,6348.687273269068,0.18481923178772092
R4,2017,-1.4472158646641997,6201374.810664668,12215.775170079465,0.11260696520780514
R9,2011,-0.32342881063323325,5613096.587403749,3573.1310716500675,0.05752172078499604
R8,2011,3.5620479509013316,4216173.524880887,8602.43112575236,0.2701096645115013
R5,2012,-1.7573081329146167,4346548.900958428,9505.065490849158,0.3380276901063109
R0,2012,2.079647845584427,5454959.537997,8651.693672420244,-0.0378552479509242
R0,2018,4.968062613339169,6994655.089657461,6857.584634201798,0.7893248296464271
R1,2018,3.989872656862776,7051246.352200111,4884.700837616899,0.315174124244023
R8,2013,1.6501198233051264,1799769.6862839507,5460.6684827049385,-0.08225270370648897
R2,2003,-1.5545136349935036,5051116.245558607,8527.380136860327,0.2108890042031761
R0,2012,3.8196146006999685,4178385.1408376093,4643.57760546701,0.43390598855100904
R4,2007,2.192849557240474,8718216.966066904,19635.291401496648,0.019972152989520396
R6,2018,-1.1954690205830323,6351047.320061927,2163.648422625737,0.14492097703731463
R5,2011,-1.3429990062365067,5371790.25751822,6893.133610671626,0.18713924765964485
R0,2017,4.367387736056147,1242406.957571282,8562.905332513625,0.5173530699151079
R4,2005,2.684401840566549,6095815.104301773,10443.24319353725,0.25407796991218434
R4,2017,3.8050075952172886,1260318.666234311,5125.778199932628,0.21975134682666658
R5,2018,4.152852301975871,3438345.0981009454,14287.601282175348,0.5145748816717061
R2,2004,2.0024064643382555,1514135.4516618855,4036.3031013392765,0.04742716979045693
R4,2008,1.622124462285289,6951529.1055412525,6105.441524384503,-0.1189445975159896
R6,2002,1.012991872246931,2141895.926977911,11052.078376601363,0.09669576845269269
R4,2009,0.21862611453783476,3979407.7945614574,13630.896306999257,0.03445530253217968
R4,2018,1.0421717260109826,8967180.29842591,4015.8300883930206,-0.10068440759923838
R4,2002,3.4171575901110947,2122732.195649806,30409.744999114046,0.056191208176957747
R9,2014,2.2134640171059212,5127270.133191913,5173.238731248317,0.04653942949045321
R9,2000,4.247663029683922,4250789.445543618,4204.492019711659,0.47289119924318934
R2,2006,1.1036601006543139,279428.0063527244,10418.69894186887,-0.1525340223032288
R0,2011,2.249627051031278,7948305.324370846,6807.997296925398,-0.07628305268010725
R4,2016,2.419152871643921,783554.4725145373,6323.156721743201,0.13755073036670984
R8,2019,2.1418801361442785,4795124.707671841,10914.222440922953,-0.18037497846605566
R0,2004,2.9184364115986146,5650715.119895604,3775.7418343439913,0.16544818877467213
R2,2003,-0.33796572137635605,6321421.9204844115,3459.684918931765,0.02076391604782149
R3,2011,1.5865464428205347,6917453.130147968,6010.650857533798,0.01691731931461507
R0,2019,-1.2704263803415663,2607396.596874879,13890.367172811104,0.1783112964415252
R0,2017,0.691579293513688,198789.8889186488,6142.409392025933,-0.01591633686449275
R7,2016,1.413669480348851,7262092.257313629,18026.14246270795,-0.11572136250426651
R1,2018,2.565569816818307,5403000.333541028,14772.27482990704,0.06762995094928861
R7,2008,4.6537173681034245,8377565.261751763,9334.505596747207,0.666390918114105
R6,2003,2.2045574658384908,8231744.792716874,9603.298668021866,0.037635121552909365
R9,2001,3.205157413235918,8448929.061100043,9330.102804729848,0.23116664509762075
R9,2003,1.5438624164664194,4902437.133797447,8776.727230429002,-0.12800281354293003
R1,2001,2.438728219634319,3402921.11878497,6747.174821308974,-0.005570511689878335
R5,2014,-1.503474487063586,7936426.205654563,7150.274906399533,0.20603524144731974
R5,2001,-0.2192589341070712,4567811.718989624,4745.8219557638795,-0.0033193581386797115
R2,2003,0.5329716524359709,1916077.7443940016,2683.7721575660194,0.09676406083320219
R1,2005,1.307453485045595,8564242.793658596,14073.309013323042,-0.080691493280236
R0,2006,-1.6804587814833138,8837342.780046238,8765.941595964761,0.19488701798500058
R5,2009,-1.0198313171267763,4716466.585787684,8128.288614088121,0.20815049626736365
R4,2018,-0.06229984546085943,849427.300366896,9889.457417956506,0.14108839122675645
R8,2018,4.800728836307354,3939478.290177619,5355.08187708364,0.5461557991716818
R0,2011,0.31942904972135544,8055022.828679773,4912.159266719692,0.17043991638996786
R6,2002,1.3742874067845778,9027562.882607663,7031.5163120485595,-0.0014777866238166043
R4,2012,-0.6273160108312494,2114380.1507261987,16059.393800742386,0.18579694886222564
R4,2017,2.2754604975303776,763038.7590501881,4517.118121540864,0.17804713754235343
R1,2007,-0.035217491388179756,8785769.486015102,2178.6644307549104,0.10084552699457602
R2,2014,-0.5510519509310126,3955108.8958908655,6243.520307237944,0.05923454802357682
R6,2000,1.6160083991218537,5463433.5462488765,14347.77214789904,0.09074313180857496
R5,2002,-1.9614594058770543,9683851.539302513,3407.478956204132,0.41397206761997574
R1,2007,-1.9463517714554226,758990.8063508063,4491.123616479974,0.49309791054868934
R5,2003,-0.46651833628699557,6518348.273775746,9244.401188089143,0.1775213499113672
R1,2015,-1.742950462494252,833643.683491184,29288.59639578846,0.21709920298759472
R1,2009,-1.2438197210851603,3817142.391818354,4108.832343291485,0.28116646023423497
R1,2011,0.3720245453712612,8057763.997415123,4030.0455365381927,-0.0484715332705286
R2,2013,3.6180997570586904,4391375.104280781,9598.375884249599,0.3065413805739402
R1,2013,2.004340503585106,9972105.303639209,14799.330466765618,0.01314426724135899
R3,2001,1.588674081694915,5634686.920971362,5931.015017301627,-0.023976119519496623
R8,2004,0.054421762456851486,3279505.3110959395,3602.210349264998,0.14705844138866428
R5,2004,4.522276036029715,2279102.126457056,10065.556331771553,0.4336766610100539
R0,2005,0.7791052886603418,3570153.289433002,11019.488859563768,-0.21979461201208705
R7,2012,-1.3903506324295996,3788079.410219553,19718.79583718485,0.042359800131272024
R6,2008,2.319465612824609,780265.4094672137,11253.939860685656,0.1439639015649224
R9,2014,-1.2031312456637901,3758784.5743250544,12259.21328505534,0.1153456150942382
R2,2013,0.4165619996118446,4695961.345418327,7107.653413780073,-0.01976135803366491
R0,2006,1.5518835710246623,7255103.7471641665,27467.318838967527,-0.046242938614111245
R4,2019,4.119557672796231,6601621.898743919,6640.4100475028445,0.34794448963109376
R3,2001,1.454826062380831,7116779.986768627,5967.234935988616,0.045491061106612454
R9,2006,2.9158113622216497,182800.45058088528,20025.414267922955,0.12077036195914026
R7,2005,4.949717872993492,2254907.255847307,3877.2497755566023,0.7062400561083734
R0,2016,-1.0795761607141285,6650674.455158579,3217.2936627615354,0.18951898118455085
R9,2001,-0.0768793213633634,4891494.744979497,8602.244721396748,0.08006066212282262
R0,2002,0.762032529183525,152603.40911662485,8096.051384138456,-0.1430661984951053
R3,2004,0.9527972497718196,8064496.960075041,7230.446061899083,0.037403239714783876
R7,2004,0.8771475268588205,7750814.7755743405,13319.239908780772,0.09573998848518016
R4,2000,4.353277017895884,5529349.71363627,5145.598195495629,0.36961110106131806
R1,2007,2.998228511267995,757986.925185094,8367.275166010153,0.1774757570749986
R5,2011,2.255336498634926,7688498.990372588,6767.906077020044,-0.0016987349954829326
R4,2003,0.1656090250394744,5878764.518540503,5189.490230989676,0.05473347302679284
R1,2012,3.766532689549063,7841403.773863796,7856.370089049972,0.21101923486449348
R2,2014,4.6854235803949225,7542295.22471882,12410.496700940605,0.792011170910904
R8,2010,3.7483879778515856,8049720.512382587,23395.151060012573,0.16689234319704943
R6,2009,-1.9890442636596897,5228279.8574057855,10826.038584934822,0.37229118652819143
R6,2002,2.4548095912838495,1489212.7301157983,2309.0293012684097,0.09925315494411008
R5,2013,-1.642052329905295,6744458.986458918,7950.02185959489,0.23038834100441735
R7,2015,-0.19674945766394702,6242690.472014509,8307.395286472245,-0.0627296916247562
R3,2009,-1.5833270975655982,7448306.553270963,12940.335625704483,0.30590250831388727
R7,2009,2.226568170645714,1781821.9599022795,8887.53623559673,0.03299946586116667
R3,2011,2.8061293944482477,2030254.4790128632,15161.952725485167,0.11369898641601463
R7,2008,-1.198586533538664,8915054.220471352,9855.99627477111,0.27755798841944057
R8,2000,0.6868721813148566,7524780.204675501,17666.032990294163,-0.08454481780107634
R2,2004,1.193655562688794,9091462.038133197,6506.956015957669,-0.016165611172483885
R2,2019,0.583371152326416,7611281.679522815,8709.518035048837,-0.09198130099189056
R1,2007,-1.1528249966036488,6011837.529303988,12250.484518177122,0.09679982471713422
R9,2010,0.9326345313123277,6575914.096575949,6086.95335159814,-0.07824895753042638
R2,2011,3.258246334658927,8902366.447006099,5458.850955927759,0.15510730668066075
R2,2000,-1.5029463482672116,5830186.869668211,5915.456500311461,0.21835664099893037
R4,2019,-1.438739901426676,6360674.110851035,5571.347314958789,0.36390535712074584
R4,2010,0.4833990428518895,1649119.4884356458,10522.603750182658,-0.06206651795723823
R1,2004,4.592079981332475,4791820.079149417,3237.6271688263605,0.5288612623864891
R9,2014,2.680008527060398,7192331.40838518,3721.994601759714,0.0939293099545815
R5,2004,2.750689696707954,2782332.7133320174,20565.56277949796,0.11366851462081014
R4,2011,0.5334399358650548,2102316.3871928956,5638.941443268639,-0.15780420828712693
R5,2004,2.155625538459769,3206885.401421714,8955.359202024401,-0.013067107935362827
R0,2016,-1.9290817118057964,2490856.217129051,3848.454010992514,0.3451075513118991
R4,2016,2.4526723248667954,2227635.106660319,8493.54832675337,0.03829841680084768
R8,2011,4.3930086330336575,4306023.344394061,5656.138339436604,0.598178216495845
R9,2014,2.2880142784137343,9087601.287446987,3708.76883795646,0.0466162261861709
R1,2014,4.115890154264415,5119890.502713311,15810.984813102437,0.558232307410629
R0,2005,3.0678113882626565,1960411.770071698,14636.634299803984,0.16262616128255522
R9,2011,-1.1560910851741681,862019.5268706534,7679.598949361609,0.3600451664163825
R8,2019,4.317173151000892,6991945.83686546,13355.84661089919,0.45410438431289407
R9,2017,-1.5348930895095758,3889707.7679202394,20986.74535507014,0.1943279106456577
R8,2013,1.7377723078343466,8236126.3711950565,11813.969504701314,0.03194566638805829
R8,2001,-1.0050401334457963,6629156.609543625,10299.389182146004,0.2874174905829186
R5,2008,-1.9180537248836715,7982790.360359549,8950.591050421526,0.23787154660685086
R7,2004,0.954239820893473,2792265.7902426426,11212.098331296269,-0.06959436512183845
R0,2019,0.06528495357909359,6954353.332364475,6755.0138670894885,-0.06739358360830522
R9,2000,1.4020034565832211,2714213.648467816,7056.341996609411,-0.02763455974554914
R3,2002,2.0403992071418555,9396777.946557887,10152.199775174166,0.005123317861010559
R0,2005,-1.6938264938373684,6400105.387180407,6393.694599804807,0.4473731837077786
R7,2004,-1.1389769341337805,3312666.821735887,6748.666195020327,0.16792063695033904
R0,2004,1.9104967751529776,2768167.4366934993,8103.840242470898,0.12892862877522152
R2,2000,0.4021714722086074,1990173.1922092708,14404.612910841726,-0.06364008616980737
R3,2016,3.1042144128461358,6976945.493047905,4599.340134750774,0.2640341022719921
R7,2018,2.566041540143578,2265284.5686794803,11844.148786815862,0.09549060808643539
R5,2013,3.919230540929348,5993502.332682142,12038.898240381775,0.5490838874230773
R9,2011,2.847449786684577,2719886.766561038,12002.929268006492,-0.0270479505653983
R6,2009,1.0095175417310367,6653492.553459299,5413.368438089353,-0.16638124259595238
R7,2019,2.7107663567610265,8167903.312551338,3476.075450385601,0.27949830483710847
R1,2017,-0.0723317802120702,7802449.907132066,10719.826354353834,-0.065831737005996
R9,2010,0.14419449144748864,7632428.176214739,8899.669250878016,-0.08036018238414502
R7,2001,3.5228961194455533,1958451.8163532955,13388.994163524452,0.18067788292568612
R2,2017,1.1249366148110753,975010.9751467352,5708.614256079312,0.06562505353939492
R6,2006,3.588662383628467,7019593.402025118,11849.716095945068,0.1597128854981384
R2,2014,3.7569566156779493,3746637.416564078,13728.181682797793,0.33228553026428675
R6,2010,4.0029363636289865,4380227.641393138,7725.989154628145,0.3743191580222104
R1,2017,4.416446650888451,408376.01865457156,9981.261375328551,0.6372569442687893
R9,2011,1.0168965435930737,2669806.847822987,9808.290032596215,-0.10635399157389486
R5,2005,0.23206772824797195,433396.3983571938,5373.663846982453,0.021013256611238925
R2,2019,2.0753912261587972,8803939.148752352,10567.603231255818,-0.1092983028727609
R2,2012,0.5982069640633929,2509627.1638634517,18237.754918616585,0.18546598605407785
R8,2019,2.207519167601631,5617637.97877278,8193.545320709318,-0.0010541054591041502
R6,2015,2.939101038506772,485895.2745451911,3903.14349055294,0.13888199036543877
R4,2017,2.818835129444958,6701789.173926014,5746.732632994135,0.280883497290207
R9,2009,0.6218702091408495,3297970.722965529,3328.52744204264,-0.10151817049376169
R6,2007,-0.8319785881087303,8989399.95088089,15446.389481883447,0.28454551165830455
R8,2017,1.0137053692354527,8892370.070446955,11873.361591763796,-0.09113772555650207
R0,2000,-1.0018409914266388,3320377.121781303,6306.36906352864,0.21753818612992537
R6,2007,4.230679246286658,9019512.867335632,3987.7005440835283,0.41459625560343655
R5,2005,0.4211422251650019,9961960.96763791,5341.984653571713,-0.16884982834012718
R9,2004,-0.9187817694367335,8271615.074827086,5889.1179826260095,0.17554560899019966
R8,2014,-1.821865680659744,8464226.342776768,8558.701806454264,0.41213663608261736
R0,2014,2.5207567040053895,2565186.4874799903,8415.91362385148,-0.06595352659375708
R3,2001,2.4583162221832024,5809353.748691788,15846.690998303506,0.025628478303263195
R8,2000,0.38422916606904156,765833.5482769418,5730.869659052459,0.08903458214969208
R3,2010,-1.498016778066443,1039687.5745345302,3811.987832301992,0.3220162862547337
R9,2009,0.8674022642666239,9989036.859129578,4543.762818604873,-0.08864239220232417
R2,2017,0.17852246544375516,3333728.5693165185,8010.332683950488,-0.07601130317441525
R8,2017,2.7398444781450655,7507020.729283579,5628.852978424101,0.2961773729200715
R1,2016,2.2404547461688322,8085984.024965483,7002.3124763257865,-0.11775680811564676
R3,2007,0.5521560973827802,8594430.38297157,6457.407560711494,-0.04589164938528917
R5,2014,-0.4747521202150693,9976520.14428135,13294.679902471364,-0.08772499656545234
R1,2007,4.916251763089143,2490815.2040429916,6042.161894581562,0.8483328580793691
R7,2016,1.178011348372804,499473.1859110271,6709.8304509122,-0.049127959213358476
R7,2011,2.8179196504616595,4170796.028146401,11598.624477985995,0.13305900125367562
R0,2007,-1.0161292269514746,1387798.6313065747,6108.943014500878,0.4301280839511584
R2,2013,1.3991278976157844,322016.3027043457,10012.666167345922,-0.10138211364087954
R9,2003,-1.8072429609137415,3668225.5887007127,9563.821178137767,0.5188882434858408
R8,2000,1.5381858253731497,7859008.685644841,8698.300402124434,-0.07459099230918995
R4,2000,4.748121849823916,5705188.843128202,4595.357384770179,0.629069624297883
R5,2018,0.6894469909006018,3196502.093182505,14986.230806209323,0.2186396842350945
R3,2015,-1.727027911975619,6577985.854377925,24596.06865289857,0.30572502390853784
R9,2013,-1.7833094635645952,2396979.985057226,8138.930556774619,0.1999034380688869
R1,2015,0.7159073196280863,242376.31611364175,4802.167047839903,-0.01777268863532387
R7,2004,-0.8798254447576417,7667098.525720631,8221.856829132486,0.10941350262121285
R5,2008,-1.8365353257026986,6275056.54015369,13292.165364388335,0.3890062168713518
R4,2001,3.293495297651238,7646795.982559504,5957.499721006108,0.19964625468464003
R8,2017,1.2096610621732347,485486.3652078895,7597.316774441219,0.1737523496700569
R0,2005,0.024713403808581447,8387484.315523457,9607.766571155233,0.05323278111912573
R4,2008,4.300582281115365,6233309.380359403,14787.299154822786,0.3871957069480536
R5,2000,-1.1870272785963207,5677613.972055137,11940.746029706828,0.20160909606860689
R4,2008,4.691431802687235,6283679.076333863,12190.765096334362,0.5513704552778326
R5,2015,0.19776702164146975,8657889.143996805,6547.677736132613,-0.04259249667199548
R5,2012,4.218825706160769,5910671.4149331795,9906.62968934325,0.37699787527538636
R6,2008,2.2206001353562304,5851408.760892975,5647.782879602473,0.2352050868421847
R3,2012,3.7869515181904125,9907723.65495108,12366.70487991355,0.2692164767193701
R7,2008,4.8880921424732495,7591628.653978823,14409.022046649563,0.774619460617525
R6,2010,0.018838064731220072,4478708.673966239,10685.914852887026,-0.034214005026643846
R8,2003,4.727948397853151,7103230.300325984,6743.232623136473,0.5290386455955145
R6,2001,0.7263732643169423,3953381.669748706,7318.3226606606195,-0.026491490186021018
R2,2005,0.6985833331584561,2365867.07858664,19995.411582317483,-0.005388215938936007
R2,2013,0.38270972978153983,6008833.581188818,6799.774832091637,0.02491501716077037
R7,2003,1.7898532514330965,9289002.77132812,13697.88997765975,-0.28102850751412256
R4,2005,-0.9209846977505904,9298481.248153081,9599.30327315594,0.01102453908268726
R3,2018,1.875980397506078,3484862.253244354,6856.358684398614,0.08412255474293379
R7,2005,1.7919336868700282,5324006.91559478,4136.790341341448,-0.1110027480409014
R5,2001,3.3333126882340895,2195195.395841626,9007.386034876552,0.24251181008472084
R1,2017,3.8355497335630986,9956747.984038945,8480.71832472736,0.2262146450526094
R3,2012,1.083089452186968,9813067.287892563,19995.59614878958,0.023505303069080524
R3,2008,0.11633274546045635,6530138.404103729,5270.621953367989,0.08217035043683014
R5,2018,-0.1846557187803386,8063699.190806987,25524.250922206455,0.09336144921918471
R5,2012,-0.6376331430658966,7179491.59670863,9792.825108644025,0.1873477967987541
R0,2010,-1.5964669246068257,5972266.368490735,9788.021397066266,0.44347203901881466
R7,2000,0.3971358518429935,628145.1701900872,6023.741957271121,-0.14923515410424382
R5,2006,-0.1082661550845172,4602166.991271345,9483.921345644105,-0.06745449958984531
R2,2014,4.764921701064852,6780384.391457364,10265.309336982435,0.7484861277878322
R8,2000,1.9039617837503076,6807562.977448478,12947.573122667938,0.10387932250780002
R1,2011,0.43093927321355263,3793913.9223815976,4968.329253140772,-0.10124278981865657
R7,2006,2.0632732069558717,9422750.667914502,16373.024760162096,-0.06786111090104721
R9,2014,-1.0256230905801313,1756834.619144132,9708.021309466823,0.08993609626151958
R2,2018,1.1083062444154201,5053558.51753405,10983.115825849449,-0.20992298427542597
R4,2000,2.3836402499474465,6939751.367853146,7255.600041819868,-0.08141810115367593
R5,2016,1.4222848225471596,7001644.478328912,5094.5604998195595,-0.16581304093533103
R9,2016,0.8124516045802697,6521525.672011274,8403.153354245424,-0.07765112734933757
R5,2002,4.956938722297887,2825353.3131734156,8898.586962987814,0.7599518541844175
R3,2011,4.162203335042489,1646445.0299975576,4053.296849811854,0.49332377977192926
R2,2005,2.363841707116081,6395809.235584438,12047.86449139878,-0.007853015224102748
R3,2010,1.9856415282759796,6033090.949780433,13336.5320172272,-0.04982425051497746
R0,2002,2.344623358772088,1875624.5018634857,5626.077071324886,0.05276674836290268
R3,2007,-0.5908152452429674,7080877.541148577,4859.58015286734,-0.07306679849007058
R0,2013,0.7659642028502303,4606202.718163199,6964.069714688044,0.04868269092568532
R0,2013,-1.7237832697637048,6710829.856871214,8200.476558822142,0.44948829293366
R9,2009,1.3288222624077868,8389934.089724492,7100.457482029863,-0.10715185975605523
R5,2001,1.8011720877036423,1780311.4429115392,7859.993697786584,-0.057749780229107275
R4,2013,-0.405751847277533,289534.1931686831,9051.98046657024,0.1731381352907268
R3,2008,4.748201930158596,7813115.605318289,4088.222388153669,0.6401457263632412
R2,2002,4.366182276560694,6136004.509010898,4330.127153840378,0.5753837005467297
R0,2007,3.0550026481913406,7026431.739259005,2077.376605999997,0.1519212548235937
R5,2015,1.733706401357538,8397734.25238756,12981.39703428898,0.1325469930176789
R1,2001,4.089784117533795,8047828.254762555,8165.012287551702,0.47634625747335413
R7,2005,-1.0854335932357597,9613109.454595365,13683.220302900412,0.22221724078172983
R9,2011,3.533568559924195,5405757.280635971,4587.685842157339,0.3275791362651766
R4,2004,-1.126254302232062,4936106.763333064,8202.577144311957,0.1205364942552464
R6,2001,3.559474637845838,4078683.2789182276,9021.927238675022,0.23122160739655073
R9,2015,-0.06962702224050132,1621541.324157625,6118.723360893876,0.0841296622913516
R1,2004,4.139634067127322,5768811.605532022,3726.728689073599,0.4555063867166844
R7,2014,4.608294656777785,2842423.9908271898,19398.202149824432,0.48322841572537845
R1,2011,-0.9584282141641904,9220944.370908458,16311.761167654975,0.32908249596419503
R3,2003,1.2387292354577548,5873588.962343266,6694.44839497542,0.05065676912282219
R0,2014,4.866911647138796,5969117.787030291,10457.909097751566,0.7014129167233858
R4,2010,1.3838520518120263,3613754.142682399,6358.861696777823,-0.0699829782959814
R8,2015,4.044832657601816,614694.5845793041,4926.076943770907,0.4334178813929353
R0,2005,2.121120654919239,414263.2771925873,20203.89633133093,0.06459758606006988
R8,2013,0.6273093554372129,4291017.927116655,3541.5351109713133,-0.24635515773977346
R7,2017,0.00048488868109153316,937197.2431626547,7025.124043715417,0.21118649383631788
R5,2011,-0.5774383623973891,6107784.859847377,8452.029876902257,-0.0045728415585441495
R6,2010,3.3325873396438803,8821632.755832609,18501.70722689746,0.22185762155447
R2,2012,0.7057835477611949,8840856.683535349,12686.507766349574,-0.042185145683685955
R0,2010,1.5789282354052583,6624549.560309101,3511.7687703726,0.16644291695635743
R4,2015,1.4462783600082734,2191195.131582017,8091.948868393695,-0.04885416537008576
R1,2014,2.0409532046319185,8643668.630452834,8188.8610331284435,0.16302990814703597
R4,2014,4.059040019371865,8872325.00960076,7228.818115949194,0.4585590389520425
R7,2003,4.865175405084006,2046870.4910342912,11046.893694047092,0.6007905593827206
R8,2010,0.8530894600167187,7400518.249129705,4005.5914885347415,-0.0354501178518106
R1,2018,3.7926324547441217,2936543.534378517,6605.659388762233,0.3280889291930177
R2,2014,3.351694562583024,8046139.092294004,10294.956294159427,0.1181163172937051
R2,2003,2.0147026601890126,9972655.209045667,11381.99320969719,0.03725335137695708
R0,2012,4.692330005283532,397257.45276098885,8731.650893627006,0.63387531838084
R7,2018,-0.5966783913011806,8983922.071330225,7014.985319818078,0.13311126480826035
R5,2001,-1.23515052783265,6264042.282626715,7631.421135201255,0.2191301720633602
R7,2013,3.977733768687955,9736487.92973173,11733.503330272486,0.3282346301578215
R8,2003,1.0740487164362382,4703594.223511633,8241.605054174366,0.027107559849324184
R4,2015,3.9287819794494236,8489140.5126566,4813.00172294181,0.31644836613202626
R2,2019,4.251631436367904,717701.2791229446,4373.204034135502,0.16868829762047288
R4,2013,-1.5627968446665,3419262.595775128,3847.5093246926886,0.2912616781470501
R4,2014,4.1842533409024245,763463.7237369787,16777.440057661137,0.40156609422901357
R4,2002,1.1382333875859554,9755897.021442799,12133.56572346605,-0.010831526088162076
R2,2007,1.5730274230296253,8188041.681991183,7682.928421987311,0.1663051949711701
R9,2015,2.386147577652472,8540219.470335107,6458.18603247153,0.24884422466639658
R3,2009,4.484678247110607,9385855.791195553,6081.6723579774225,0.5406368320721088
R8,2003,-1.8661873389916517,942524.512585875,13997.283496295742,0.2780999759851967
R9,2017,1.3379042782247197,3917416.1658820002,20998.71982403985,0.014177293253920635
R8,2001,2.814054297013925,803245.401535621,5986.747396501903,0.07751709043909888
R1,2016,3.058948703887599,2186851.7053452833,14317.069279665704,0.2011411404967155
R7,2012,2.8477270207597556,2370721.1926729563,8217.37798862505,0.05461868093960075
R7,2003,-1.058954094143147,4744161.389371029,7286.550532570179,0.18703383969171658
R6,2010,0.09576911860176862,2758765.4577910616,17190.413304792906,-0.09031574088563651
R7,2006,0.5110086779190941,1099683.257495835,8062.001579761154,0.08038096725666825
R2,2011,3.631060453756535,1758161.7820316663,9397.342538585182,0.237126186490816
R5,2009,-0.04868089309812884,1558028.0791657001,9174.076064688741,0.07109683435095136
R0,2006,-0.5250652529295778,9733460.299331753,3594.6442798220496,-0.06018552703389406
R6,2012,4.702136133266674,7616995.8184928885,9360.046845853869,0.7134079831230049
R0,2006,-1.9379570042057177,9680838.506168664,6115.941413470985,0.2849411610012518
R8,2016,4.984745989773847,4453430.816428294,3981.5378970118686,0.7700277108483887
R0,2009,2.737749092001769,2855847.9684603005,6256.8457279161785,0.20330869267244725
R0,2009,3.7992850961438194,8003102.652370948,6231.083823946876,0.3218015626189677
R6,2003,0.06233577442335214,3329913.7886073533,13560.836787257756,-0.10895598107828058
R1,2019,-1.89979305633058,3063895.399682948,4760.486709765277,0.42012123919074446
R4,2003,3.1650866299307108,2401809.322857529,5459.302320659432,0.10028186585658125
R7,2006,3.8390121790047305,1383821.88441993,9115.158995801425,0.3125749477071365
R7,2000,3.1833329236746337,2638984.3040659833,4175.974880434985,0.214893398729654
R2,2011,-1.0000479888941298,3617665.509891488,5828.393132657555,0.2860772015047432
R6,2012,3.273995455798784,6772542.660642731,3525.4438856775573,0.2112081020296228
R2,2009,3.382459474753487,719391.9379725707,12835.957997762325,0.23609140842664547
R5,2014,2.6097836096903846,2184018.702686895,6969.637123543079,0.15332145286367538
R5,2012,3.362811529569104,8109334.038887597,8038.848073748628,0.23418110588053417
R2,2008,3.921450077744125,1554527.0434793306,12810.304433328465,0.44029654782084754
R6,2008,2.295228799662209,3492186.9505729633,5646.92008704619,0.14173423678001507
R2,2014,-1.3797670022122466,8660123.326395586,6932.712957095708,0.20039083421411322
R7,2009,1.413394667670476,1633760.5803200824,4778.280345244643,-0.36895630582842637
R9,2009,-1.4564546572987647,919094.67262008,4773.085067532405,0.1699157648096929
R3,2007,0.8528012172270159,4896926.151292107,5113.853727096201,0.07195157516602271
R0,2015,0.8497454238793933,3093953.1616575103,6334.428050250458,-0.05224765625750625
R3,2016,-1.5379310910183088,5677742.808390155,6684.871270717527,0.23814168404507927
R6,2004,0.44174373778635534,8057668.415786404,9361.081198391124,0.08226100203535826
R3,2003,-1.2230133084607961,1457770.0327121574,5189.494258203923,0.18695691685670118
R5,2017,3.657646470064555,5848920.937087421,9507.31078510411,0.09390091741741394
R8,2018,4.633816181751295,5104536.727859653,10326.830040564197,0.4597007960370437
R0,2003,-1.4937846731944298,1526379.9815306757,6413.04136036006,0.30281290189466303
R4,2006,4.68580645104191,6277585.006736926,5418.843600296625,0.6225693655676354
R6,2009,1.6580361953572162,2809040.1368216393,8455.221986041666,0.11711622960293222
R0,2017,0.0969597456771174,4929559.753585723,7321.2859554117085,-0.08255278333404086
R3,2018,-1.4619654730668554,914496.0103429126,9046.88623117135,0.2221136233282858
R5,2003,1.504369876492925,4649882.166414868,17764.071086660628,-0.12573085869032757
R1,2009,3.5616088114352404,3133988.333623921,8385.99661610837,0.22603256737308802
R9,2000,2.9496053408668867,8241573.990735008,5886.310733476335,-0.049142340868527895
R4,2017,-1.6484179197521835,664089.397273946,5190.343682119124,0.262137407478171
R9,2004,-1.4896871524246755,4244212.021691466,5291.723019229055,0.25474021947043424
R0,2014,0.82011297842846,4638471.098901236,3899.551581655474,-0.06201511722007441
R5,2016,0.0670334583356027,7277560.155361275,12917.933312035373,0.20847665476654223
R5,2002,-0.37330973860766514,5785446.993393089,2652.7724783538574,0.22764743962543083
R3,2011,-0.03296850763900494,6705402.138222393,10342.86727411638,-0.07173875020741091
R7,2001,3.6243792030781927,7792787.9279523855,5249.9196287679515,0.08997464061220695
R3,2000,4.504596375422977,8635809.439216068,6271.666530750329,0.554189752438238
R7,2016,0.8357188616929649,3207367.417552458,5171.955724435601,-0.010999571562765202
R7,2015,4.34277701492748,5426424.783102639,16696.13158276269,0.42265950123808993
R4,2004,0.2504699087351736,8417069.97654808,8169.457636121974,-0.10300779550699934
R3,2014,1.3350589044065413,9895566.19655406,12030.366361817492,0.11386872040235882
R1,2002,-0.41779701528800195,8906241.179333255,15525.877536555456,0.02475226171344795
R2,2006,2.483332295230908,3777525.89998133,8792.925326927012,0.12623875347332356
R2,2010,4.852867806223662,2032148.5204646392,4456.808092957989,0.5991989468262922
R3,2009,2.2244516723036503,4944986.120325228,7256.686690606993,0.01927004901788098
R3,2008,0.5046985887948421,7442250.373176818,5590.790633215891,-0.07136766096636024
R9,2013,2.534722121933699,4976433.800457646,6299.6409522951335,0.0002312756973050084
R4,2012,-1.139555250742287,4883490.546805318,7728.639346752535,0.2944148747011138
R3,2001,4.220613561857791,8398481.168709826,7577.375502863768,0.32972988477781495
R9,2002,1.5215876554588545,3677897.412765145,9957.233794320087,-0.0063916333325178265
R7,2006,1.1454481942774946,8611967.280635292,10706.990735579246,-0.08445440668812071
R5,2017,2.1010535191746342,4127367.5294220634,7577.415154713555,0.05209839080792975
R5,2002,2.373487039525817,3349507.74621556,9914.310119464002,0.01016566916543396
R7,2009,-1.4975693564144088,4594500.12087702,6156.846985804311,0.34861194069690815
R6,2006,2.7783205485638165,7648224.8908811975,15636.917639430187,0.014150938847000472
R9,2008,-0.3064782377912929,1347420.0758535434,6107.326260948521,0.1510995884586433
R9,2016,2.9976684275461283,2044550.237132972,14744.025698247558,0.1466536878532889
R7,2010,3.757743560689377,9519303.77406461,3873.704077013146,0.1974072244246739
R1,2006,3.6277095528676417,1837367.111075438,6699.554906418842,0.3632644203018755
R8,2013,1.8675067718552238,5720500.447517441,6867.194370250272,-0.032256574391031544
